,quantity,perc_aum,sector,currency,perc_return
TTWO,7050694.0,0.09999999429302063,Communication Services,USD,0.19556608880363324
AAPL,5278158.0,0.09999998501168518,Technology,USD,0.22318190308211738
HSBA.L,1350601.0,0.09999996109699849,Financial Services,GBp,0.2788945702986154
