,quantity,perc_aum,sector,currency,perc_return
TTWO,7004272.0,0.09999999433654785,Communication Services,USD,0.11731104739682285
AAPL,5612302.0,0.09999999292542724,Technology,USD,0.13895306516595785
HSBA.L,1372769.0,0.09999999345636831,Financial Services,GBp,0.2740263762911468
